baseline,n_trials,n_success,success_rate,mean_replan_ms,std_replan_ms,p50_replan_ms,p95_replan_ms,ci95_replan_ms,mean_expanded,std_expanded,mean_cost,mean_energy_kj,mean_length_km
B4_Proposed_LPA_Layered,50,50,1.0,47.51871199347079,40.48982258213287,32.18155028298497,113.48237511701878,11.22320622181161,779.02,653.0685650161436,10.770106022238254,268.87120495529877,6.412444948658961
B2_GlobalAstar_Layered,50,50,1.0,19.01225397363305,13.241790775230122,15.012700110673904,42.14748989325017,3.6704371404697262,2124.34,1442.8780989991596,10.770106022238254,268.87120495529877,6.412444948658961
B3_LPA_SingleLayer,50,50,1.0,2.604161985218525,5.560961686197116,0.6009498611092567,13.595360144972798,1.5414199375455948,25.36,51.70037697727007,12.177339679916704,232.79114969573075,6.444538490871922
B1_Voxel_Dijkstra,50,49,0.98,384.0596081822046,191.13331468841344,386.40590012073517,648.574319947511,53.51732811275576,67447.6530612245,33802.20883102601,63.85714285532788,309.42734090718153,7.702540227215448
