baseline,n_trials,n_success,success_rate,mean_replan_ms,std_replan_ms,p50_replan_ms,p95_replan_ms,ci95_replan_ms,mean_expanded,std_expanded,mean_cost,mean_energy_kj,mean_length_km
B4_Proposed_LPA_Layered,200,200,1.0,44.10128700081259,50.864552474754426,25.746550178155303,129.99627997633033,7.049467315475896,695.875,776.0559215299555,10.127513978423508,253.57515234855597,6.054567070456678
B2_GlobalAstar_Layered,200,200,1.0,17.84472051775083,12.453083945533916,16.004350036382675,44.16811997070908,1.7259093804961823,1892.545,1258.3351759568081,10.127513978423508,253.57515234855597,6.054567070456678
B3_LPA_SingleLayer,200,200,1.0,5.287077010143548,28.697913294339426,0.3733998164534569,20.405289949849127,3.9773278628808724,48.38,254.82956290558843,11.433537050244883,219.69079443464653,6.079994383039397
B1_Voxel_Dijkstra,200,198,0.99,362.1075641425007,185.29224434890102,363.51840011775494,663.3058850653468,25.809566963812014,61705.68686868687,31867.4679739223,60.32828282640692,289.92034853212357,7.217713940812193
