baseline,n_trials,n_success,success_rate,mean_replan_ms,std_replan_ms,p50_replan_ms,p95_replan_ms,ci95_replan_ms,mean_expanded,std_expanded,mean_cost,mean_energy_kj,mean_length_km
B4_Proposed_LPA_Layered,50,50,1.0,69.299804023467,60.10218255166349,48.460999969393015,157.59036495583132,16.659475051786075,779.02,653.0685650161436,10.770106022238254,268.87120495529877,6.412444948658961
B2_GlobalAstar_Layered,50,50,1.0,30.142743992619216,21.762223754548053,25.605450035072863,69.25867506070061,6.032180668291639,2124.34,1442.8780989991596,10.770106022238254,268.87120495529877,6.412444948658961
B3_LPA_SingleLayer,50,50,1.0,3.8977660005912185,9.795234124281267,0.6269499426707625,17.436654923949387,2.7151003772549496,25.36,51.70037697727007,12.177339679916704,232.79114969573075,6.444538490871922
B1_Voxel_Dijkstra,50,49,0.98,532.5338877690006,264.8146671841497,546.9498001039028,887.1033599600195,74.14810681156192,67447.6530612245,33802.20883102601,7.702540227215448,nan,7.702540227215448
