scale,k_events,n_block,b4_mean_event_ms,b2_mean_event_ms,b4_mean_event_expanded,b2_mean_event_expanded,b4_success_rate,b2_success_rate,delta_b4_ms_vs_prev,delta_b2_ms_vs_prev,delta_b4_expanded_vs_prev,delta_b2_expanded_vs_prev
large,5,2,19.719465194270015,17.51864398829639,315.58000000000004,1935.996,1.0,1.0,nan,nan,nan,nan
large,5,4,18.289732409641147,17.763753978535533,293.452,1994.26,1.0,1.0,-1.429732784628868,0.24510999023914337,-22.128000000000043,58.263999999999896
large,5,6,18.278307599946856,18.59272599220276,295.492,2078.768,1.0,1.0,-0.011424809694290161,0.8289720136672258,2.0400000000000205,84.50800000000004
large,5,8,17.819999201223254,17.99116839468479,284.78000000000003,2011.5119999999997,1.0,1.0,-0.4583083987236023,-0.6015575975179672,-10.711999999999989,-67.25600000000031
