scale,n_block,k_events,graph_nodes,graph_edges,b4_mean_cumulative_ms,b2_mean_cumulative_ms,b2_over_b4_time_ratio,b4_success_rate,b2_success_rate
small,4,5,2066,9366,23.573695980012417,31.93583606276661,1.3547233361219326,1.0,1.0
medium,4,5,3892,18117,49.91876600775868,68.38937003631145,1.3700132336140272,1.0,1.0
large,4,5,6749,31886,93.45175599679351,100.21725198253989,1.0723956004205906,1.0,1.0
