scale,k_events,n_block,b4_mean_event_ms,b2_mean_event_ms,b2_over_b4_time_ratio,b4_mean_event_expanded,b2_mean_event_expanded,b4_success_rate,b2_success_rate
large,5,2,20.563343605026603,20.012122404761612,0.9731939897103967,315.58000000000004,1935.996,1.0,1.0
large,5,4,18.6903511993587,20.04345039650798,1.0723956004205906,293.452,1994.26,1.0,1.0
large,5,6,18.269804402254522,20.240954799577594,1.1078911604045323,295.492,2078.768,1.0,1.0
large,5,8,29.84467759821564,32.686687592417,1.0952266944365074,284.78000000000003,2011.5119999999997,1.0,1.0
