scale,n_block,k_events,b4_mean_cumulative_ms,b2_mean_cumulative_ms,b2_over_b4_time_ratio,b4_mean_cumulative_expanded,b2_mean_cumulative_expanded,delta_ratio_vs_prev
large,4,1,69.85833801329136,23.072838010266423,0.3302803740603813,1098.08,2385.66,nan
large,4,3,82.92508806101978,58.69494999758899,0.7078069058473446,1339.08,6458.96,0.3775265317869633
large,4,5,91.44866204820573,88.81876989267766,0.9712418738926791,1467.26,9971.3,0.2634349680453345
large,4,7,86.03541010059416,123.52304199710488,1.4357232894302416,1395.84,13934.86,0.4644814155375625
large,4,10,126.49970010854304,206.00503589957952,1.6285021681697027,2058.26,23677.98,0.1927788787394611
