scale,k_events,n_block,b4_mean_event_ms,b2_mean_event_ms,b4_mean_event_expanded,b2_mean_event_expanded,b4_success_rate,b2_success_rate,delta_b4_ms_vs_prev,delta_b2_ms_vs_prev,delta_b4_expanded_vs_prev,delta_b2_expanded_vs_prev
large,5,2,20.563343605026603,20.012122404761612,315.58000000000004,1935.996,1.0,1.0,nan,nan,nan,nan
large,5,4,18.6903511993587,20.04345039650798,293.452,1994.26,1.0,1.0,-1.872992405667901,0.031327991746366024,-22.128000000000043,58.263999999999896
large,5,6,18.269804402254522,20.240954799577594,295.492,2078.768,1.0,1.0,-0.42054679710417986,0.19750440306961536,2.0400000000000205,84.50800000000004
large,5,8,29.84467759821564,32.686687592417,284.78000000000003,2011.5119999999997,1.0,1.0,11.574873195961118,12.445732792839408,-10.711999999999989,-67.25600000000031
