scale,k_events,n_block,b4_mean_event_ms,b2_mean_event_ms,b2_over_b4_time_ratio,b4_mean_event_expanded,b2_mean_event_expanded,b4_success_rate,b2_success_rate
large,5,2,19.719465194270015,17.51864398829639,0.8883934638038191,315.58000000000004,1935.996,1.0,1.0
large,5,4,18.289732409641147,17.763753978535533,0.9712418738926791,293.452,1994.26,1.0,1.0
large,5,6,18.278307599946856,18.59272599220276,1.0172017234383788,295.492,2078.768,1.0,1.0
large,5,8,17.819999201223254,17.99116839468479,1.0096054546090993,284.78000000000003,2011.5119999999997,1.0,1.0
