scale,k_events,n_block,b4_mean_event_ms,b2_mean_event_ms,b4_mean_event_expanded,b2_mean_event_expanded,b4_success_rate,b2_success_rate,delta_b4_ms_vs_prev,delta_b2_ms_vs_prev,delta_b4_expanded_vs_prev,delta_b2_expanded_vs_prev
large,5,2,18.592625100631267,19.815982502885163,298.357,2134.802,1.0,1.0,nan,nan,nan,nan
large,5,4,20.08324929839,20.51716019352898,320.126,2190.163,1.0,1.0,1.4906241977587342,0.7011776906438172,21.76899999999995,55.360999999999876
large,5,6,20.204901896882802,20.428239406086504,321.835,2177.9040000000005,1.0,1.0,0.12165259849280119,-0.08892078744247556,1.7090000000000032,-12.25899999999956
large,5,8,20.804991397075355,18.59534101234749,328.68700000000007,1988.8059999999998,1.0,1.0,0.6000895001925528,-1.8328983937390149,6.852000000000089,-189.09800000000064
