scale,n_block,k_events,graph_nodes,graph_edges,b4_mean_cumulative_ms,b2_mean_cumulative_ms,b2_over_b4_time_ratio,b4_success_rate,b2_success_rate
small,4,5,2066,9366,23.764772042632103,31.148526091128588,1.3107016568579164,1.0,1.0
medium,4,5,3892,18117,46.99785596691072,58.582148123532534,1.2464855453146169,1.0,1.0
large,4,5,6749,31886,91.44866204820573,88.81876989267766,0.9712418738926791,1.0,1.0
