scale,n_block,k_events,graph_nodes,graph_edges,b4_mean_cumulative_ms,b2_mean_cumulative_ms,b2_over_b4_time_ratio,b4_success_rate,b2_success_rate
small,4,5,2066,9366,27.365503546316177,31.40703402692452,1.1476870496378058,1.0,1.0
medium,4,5,3892,18117,81.26010550418869,84.6589219616726,1.0418263849941558,1.0,1.0
large,4,5,6749,31886,100.41624649195,102.5858009676449,1.0216056121542925,1.0,1.0
