scale,n_block,k_events,b4_mean_cumulative_ms,b2_mean_cumulative_ms,b2_over_b4_time_ratio,b4_mean_cumulative_expanded,b2_mean_cumulative_expanded,b4_success_rate,b2_success_rate
large,4,1,56.295880512334406,20.91617700876668,0.37154009882097777,880.0,2106.545,1.0,1.0
large,4,3,84.57618601620197,60.45094996923581,0.7147514308301326,1337.58,6289.135,1.0,1.0
large,4,5,100.41624649195,102.5858009676449,1.0216056121542925,1600.63,10950.815,1.0,1.0
large,4,7,101.01360750230188,136.69009188929545,1.3531849348730622,1610.572864321608,14827.170854271357,0.995,0.995
large,4,10,111.69839204987511,185.98414050182328,1.6650565606958638,1796.23,20528.115,1.0,1.0
