scale,n_block,k_events,b4_mean_cumulative_ms,b2_mean_cumulative_ms,b2_over_b4_time_ratio,b4_mean_cumulative_expanded,b2_mean_cumulative_expanded,delta_ratio_vs_prev
large,4,1,70.3351159999147,24.43191200029105,0.3473643521156726,1098.08,2385.66,nan
large,4,3,88.71084003709257,67.92114403098822,0.7656464982474342,1339.08,6458.96,0.4182821461317616
large,4,5,93.45175599679351,100.21725198253989,1.0723956004205906,1467.26,9971.3,0.3067491021731563
large,4,7,85.41061605792493,134.03874399140477,1.569345242756481,1395.84,13934.86,0.49694964233589034
large,4,10,126.8143800040707,227.58521397132427,1.7946325484855807,2058.26,23677.98,0.22528730572909983
