scale,k_events,n_block,b4_mean_event_ms,b2_mean_event_ms,b2_over_b4_time_ratio,b4_mean_event_expanded,b2_mean_event_expanded,b4_success_rate,b2_success_rate
large,5,2,18.592625100631267,19.815982502885163,1.065797992248677,298.357,2134.802,1.0,1.0
large,5,4,20.08324929839,20.51716019352898,1.0216056121542925,320.126,2190.163,1.0,1.0
large,5,6,20.204901896882802,20.428239406086504,1.0110536299727424,321.835,2177.9040000000005,1.0,1.0
large,5,8,20.804991397075355,18.59534101234749,0.8937922951970801,328.68700000000007,1988.8059999999998,1.0,1.0
