run_dir,fig4_scale,fig4_n_block,fig4_k,baseline,n,mean_ms,median_ms,p95_ms,std_ms
benchmark_matrix_intensity_k5,large,4,5,B4_Proposed_LPA_Layered,50,88.05239802226424,50.354849896393716,264.4992600311524,93.10630459019787
benchmark_matrix_intensity_k5,large,4,5,B2_GlobalAstar_Layered,50,123.72703596483916,115.06775009911507,251.21117489179593,73.94877915715182
benchmark_matrix_scale_k5_nb4,large,4,5,B4_Proposed_LPA_Layered,50,77.94572000391781,37.715150392614305,289.1290998551993,94.9341595509379
benchmark_matrix_scale_k5_nb4,large,4,5,B2_GlobalAstar_Layered,50,95.37726996000856,90.78809968195856,207.4666247703135,61.98154120793249
benchmark_matrix_cont_k7_k10,large,4,7,B4_Proposed_LPA_Layered,50,148.5590319056064,121.45104981027544,373.34897997789074,119.70704732138444
benchmark_matrix_cont_k7_k10,large,4,7,B2_GlobalAstar_Layered,50,189.29819596931338,173.3549500349909,366.3639402016997,112.62999932296889
