seed,n_block,blocked_edges,success,phase1_ms,phase3_ms,ratio_phase1_over_phase3,phase3_expanded,phase3_path_len_km,phase3_path_cost,note
20260317,2,"[(4862, 4921), (4804, 4862)]",True,68.98540002293885,6.991999922320247,9.86633306483884,115,3.8733340548917634,7.762812389723439,
20260318,2,"[(4921, 4979), (4862, 4921)]",True,67.44540017098188,5.224500084295869,12.909445704425101,85,3.8726207598725333,7.7356954014513315,
20260319,2,"[(4688, 4746), (4630, 4688)]",True,67.89329997263849,18.67559994570911,3.635401281351478,288,3.867756983633359,7.785331607647872,
