{
  "n_block": 2,
  "main_event_seed": 20260319,
  "seed_list": [
    20260319,
    20260320,
    20260321,
    20260322,
    20260323,
    20260324,
    20260325,
    20260326,
    20260327,
    20260328,
    20260329,
    20260330,
    20260331,
    20260332,
    20260333,
    20260334,
    20260335,
    20260336,
    20260337,
    20260338,
    20260339,
    20260340,
    20260341,
    20260342,
    20260343,
    20260344,
    20260345,
    20260346,
    20260347,
    20260348,
    20260349,
    20260350,
    20260351,
    20260352,
    20260353,
    20260354,
    20260355,
    20260356,
    20260357,
    20260358,
    20260359,
    20260360,
    20260361,
    20260362,
    20260363,
    20260364,
    20260365,
    20260366,
    20260367,
    20260368
  ],
  "summary": {
    "n_total": 50,
    "n_ok": 50,
    "success_rate": 1.0,
    "phase3_ms_mean": 13.706374005414546,
    "phase3_ms_std": 5.195431621727365,
    "phase3_ms_p50": 17.291849944740534,
    "phase3_ms_p95": 18.227655056398362,
    "phase3_ms_min": 4.942300030961633,
    "phase3_ms_max": 18.568299943581223,
    "expanded_mean": 222.78,
    "expanded_std": 81.10695634374981,
    "ratio_mean": 5.764495275001334,
    "ratio_std": 2.924121369279778,
    "ratio_p50": 3.7384865858070855,
    "ratio_p95": 11.37614983880662,
    "ratio_min": 3.499432056030408,
    "ratio_max": 13.022297245062742,
    "ratio_cv": 0.5072640759999758
  }
}