{
  "n_block": 2,
  "main_event_seed": 20260318,
  "seed_list": [
    20260318,
    20260319,
    20260320,
    20260321,
    20260322,
    20260323,
    20260324,
    20260325,
    20260326,
    20260327,
    20260328,
    20260329,
    20260330,
    20260331,
    20260332,
    20260333,
    20260334,
    20260335,
    20260336,
    20260337,
    20260338,
    20260339,
    20260340,
    20260341,
    20260342,
    20260343,
    20260344,
    20260345,
    20260346,
    20260347,
    20260348,
    20260349,
    20260350,
    20260351,
    20260352,
    20260353,
    20260354,
    20260355,
    20260356,
    20260357,
    20260358,
    20260359,
    20260360,
    20260361,
    20260362,
    20260363,
    20260364,
    20260365,
    20260366,
    20260367
  ],
  "summary": {
    "n_total": 50,
    "n_ok": 50,
    "success_rate": 1.0,
    "phase3_ms_mean": 14.331768001429737,
    "phase3_ms_std": 5.687724278763426,
    "phase3_ms_p50": 18.16334994509816,
    "phase3_ms_p95": 19.924279977567494,
    "phase3_ms_min": 5.190999945625663,
    "phase3_ms_max": 20.762600004673004,
    "expanded_mean": 218.9,
    "expanded_std": 82.98124941878159,
    "ratio_mean": 6.063541120001309,
    "ratio_std": 3.087524548802173,
    "ratio_p50": 3.8822473156504653,
    "ratio_p95": 12.579817828719303,
    "ratio_min": 3.474960856521001,
    "ratio_max": 13.128742205432342,
    "ratio_cv": 0.5091949551752205
  }
}