scale,n_block,k_events,b4_mean_cumulative_ms,b2_mean_cumulative_ms,b2_over_b4_time_ratio,b4_mean_cumulative_expanded,b2_mean_cumulative_expanded,delta_ratio_vs_prev
large,4,1,55.657246015034616,21.738088000565767,0.39057067240972876,886.28,2235.78,nan
large,4,2,61.23082000762224,32.44025799911469,0.5298027691786,973.16,3418.22,0.13923209676887127
large,4,3,88.65478400606662,62.38695199135691,0.7037065477153245,1404.34,6471.02,0.17390377853672445
large,4,5,69.86288802232593,86.29793400876224,1.235247159853801,1115.54,9250.94,0.5315406121384766
large,4,8,106.46961405873299,169.19522800017148,1.58914099103277,1717.7,18424.42,0.353893831178969
