scale,k_events,n_block,b4_mean_event_ms,b2_mean_event_ms,b4_mean_event_expanded,b2_mean_event_expanded,b4_success_rate,b2_success_rate,delta_b4_ms_vs_prev,delta_b2_ms_vs_prev,delta_b4_expanded_vs_prev,delta_b2_expanded_vs_prev
large,3,2,24.531903996442757,19.62534599937499,400.1400000000001,2086.3933333333334,1.0,1.0,nan,nan,nan,nan
large,3,4,29.55159466868887,20.795650663785636,468.11333333333334,2157.0066666666667,1.0,1.0,5.019690672246114,1.1703046644106472,67.97333333333324,70.61333333333323
large,3,6,26.331283330606915,17.47513667369882,416.6266666666667,1831.22,1.0,1.0,-3.220311338081956,-3.320513990086816,-51.48666666666662,-325.78666666666663
large,3,8,35.822638670603425,21.99679666509231,564.2733333333333,2281.3533333333335,1.0,1.0,9.49135533999651,4.521659991393491,147.6466666666666,450.13333333333344
