scale,k_events,n_block,b4_mean_event_ms,b2_mean_event_ms,b2_over_b4_time_ratio,b4_mean_event_expanded,b2_mean_event_expanded,b4_success_rate,b2_success_rate
large,3,2,24.531903996442757,19.62534599937499,0.7999927768436057,400.1400000000001,2086.3933333333334,1.0,1.0
large,3,4,29.55159466868887,20.795650663785636,0.7037065477153246,468.11333333333334,2157.0066666666667,1.0,1.0
large,3,6,26.331283330606915,17.47513667369882,0.6636644501632056,416.6266666666667,1831.22,1.0,1.0
large,3,8,35.822638670603425,21.99679666509231,0.6140473589161706,564.2733333333333,2281.3533333333335,1.0,1.0
