scale,n_block,k_events,graph_nodes,graph_edges,b4_mean_cumulative_ms,b2_mean_cumulative_ms,b2_over_b4_time_ratio,b4_success_rate,b2_success_rate
small,4,5,2066,9704,36.780999982729554,37.43894200306386,1.0178880949578109,1.0,1.0
medium,4,5,3893,18773,55.69354004226625,68.52967394515872,1.2304779673396777,1.0,1.0
large,4,5,6749,32594,77.94572000391781,95.37726996000856,1.22363703812364,1.0,1.0
