fig4_scale,fig4_n_block,fig4_k,baseline,n,mean_ms,median_ms,p95_ms,std_ms
large,4,5,B4_Proposed_LPA_Layered,50,77.94572000391781,37.715150392614305,289.1290998551993,94.9341595509379
large,4,5,B2_GlobalAstar_Layered,50,95.37726996000856,90.78809968195856,207.4666247703135,61.98154120793249
