scale,n_block,k_events,graph_nodes,graph_edges,b4_mean_cumulative_ms,b2_mean_cumulative_ms,b2_over_b4_time_ratio,b4_success_rate,b2_success_rate
small,4,3,2066,9704,25.911934988107532,19.605563995428383,0.756622923159791,1.0,1.0
medium,4,3,3893,18773,53.30090598203242,39.94400999741629,0.7494058358197757,1.0,1.0
large,4,3,6749,32594,100.41274900082499,65.71528101107106,0.6544515678037173,1.0,1.0
