scale,k_events,n_block,b4_mean_event_ms,b2_mean_event_ms,b2_over_b4_time_ratio,b4_mean_event_expanded,b2_mean_event_expanded,b4_success_rate,b2_success_rate
large,3,2,46.320565662657216,30.14418433575581,0.6507732344049826,516.9366666666666,2390.7100000000005,1.0,1.0
large,3,4,33.47091633360833,21.90509367035702,0.6544515678037173,514.1966666666666,2367.1933333333336,1.0,1.0
large,3,6,31.733044438841766,24.310194948368302,0.7660845461966526,489.5488215488216,2606.7441077441076,0.99,0.99
large,3,8,28.208384175098153,20.7830417520282,0.7367682467390347,443.2929292929294,2268.649831649832,0.99,0.99
