scale,n_block,k_events,b4_mean_cumulative_ms,b2_mean_cumulative_ms,b2_over_b4_time_ratio,b4_mean_cumulative_expanded,b2_mean_cumulative_expanded,b4_success_rate,b2_success_rate
large,4,1,60.41946301003918,24.80118500534445,0.4104833735649642,921.48,2582.7,1.0,1.0
large,4,3,100.41274900082499,65.71528101107106,0.6544515678037173,1542.59,7101.58,1.0,1.0
large,4,5,103.88202399713919,116.5103379637003,1.121563996162694,1622.34,12852.13,1.0,1.0
