scale,k_events,n_block,b4_mean_event_ms,b2_mean_event_ms,b2_over_b4_time_ratio,b4_mean_event_expanded,b2_mean_event_expanded,b4_success_rate,b2_success_rate
large,5,2,24.22324200719595,23.659998399205506,0.9767478024690864,364.80000000000007,2374.752,1.0,1.0
large,5,4,17.61047960445285,24.745407192967832,1.4051523722676413,264.26800000000003,2480.04,1.0,1.0
large,5,6,23.33364240359515,26.470290790311992,1.1344260074129515,353.0760000000001,2672.864,1.0,1.0
large,5,8,23.478820797987282,23.438855590298772,0.9982978187860296,354.464,2372.5359999999996,1.0,1.0
