fig4_scale,fig4_n_block,fig4_k,baseline,n,mean_ms,median_ms,p95_ms,std_ms
large,4,5,B4_Proposed_LPA_Layered,50,88.05239802226424,50.354849896393716,264.4992600311524,93.10630459019787
large,4,5,B2_GlobalAstar_Layered,50,123.72703596483916,115.06775009911507,251.21117489179593,73.94877915715182
