scale,k_events,n_block,b4_mean_event_ms,b2_mean_event_ms,b2_over_b4_time_ratio,b4_mean_event_expanded,b2_mean_event_expanded,b4_success_rate,b2_success_rate
large,5,2,28.184608795214444,30.30600899970159,1.0752680379529462,312.32,2151.486,1.0,1.0
large,5,4,19.091919200960547,21.045180605258793,1.1023082794211687,297.35400000000004,2194.5780000000004,1.0,1.0
large,5,6,17.342712202575058,18.344065198674798,1.0577391231776918,271.946,1930.5179999999998,1.0,1.0
large,5,8,17.19364909633919,17.270320806313645,1.0044593041037915,267.1212121212122,1808.8888888888887,0.99,0.99
