scale,n_block,k_events,b4_mean_cumulative_ms,b2_mean_cumulative_ms,b2_over_b4_time_ratio,b4_mean_cumulative_expanded,b2_mean_cumulative_expanded,b4_success_rate,b2_success_rate
large,4,1,50.47692299587652,20.05531100090593,0.39731643314597953,761.6,1973.44,1.0,1.0
large,4,3,82.70390002522618,54.06895496416837,0.6537654808017078,1280.47,5517.76,1.0,1.0
large,4,5,95.45959600480273,105.22590302629396,1.1023082794211687,1486.77,10972.89,1.0,1.0
large,4,7,92.26149497553706,124.04343801317737,1.3444767835820048,1455.24,13043.76,1.0,1.0
large,4,10,93.09750703396276,168.1340170232579,1.8059991333808885,1451.78,18243.59,1.0,1.0
