scale,n_block,k_events,graph_nodes,graph_edges,b4_mean_cumulative_ms,b2_mean_cumulative_ms,b2_over_b4_time_ratio,b4_success_rate,b2_success_rate
small,4,5,2066,9704,30.09722798364237,33.459009998477995,1.1116973967390862,1.0,1.0
medium,4,5,3893,18773,49.04438900761306,60.96476902952418,1.2430528805254508,1.0,1.0
large,4,5,6749,32594,95.45959600480273,105.22590302629396,1.1023082794211687,1.0,1.0
