pair,metric,n,mean_a,mean_b,median_ratio_b_over_a,p_value
B4_Proposed_LPA_Layered vs B2_GlobalAstar_Layered,replan_ms,50,69.299804023467,30.142743992619216,0.5123055420699403,2.8869616179957547e-07
B4_Proposed_LPA_Layered vs B3_LPA_SingleLayer,path_cost,50,10.770106022238254,12.177339679916704,1.1309064540095681,5.504551409811079e-18
B4_Proposed_LPA_Layered vs B1_Voxel_Dijkstra,replan_ms,49,70.22308982072435,532.5338877690006,8.738595932450497,5.306693781055905e-19
