pair,metric,n,mean_a,mean_b,median_ratio_b_over_a,p_value
B4_Proposed_LPA_Layered vs B2_GlobalAstar_Layered,replan_ms,200,44.10128700081259,17.84472051775083,0.46349539080495394,1.1978881749870183e-15
B4_Proposed_LPA_Layered vs B3_LPA_SingleLayer,path_cost,200,10.127513978423508,11.433537050244883,1.1335975371013642,8.900745103651813e-75
B4_Proposed_LPA_Layered vs B1_Voxel_Dijkstra,replan_ms,198,43.03685505168907,362.1075641425007,10.949777171735246,3.968599665302676e-70
