pair,metric,n,mean_a,mean_b,median_ratio_b_over_a,p_value
B4_Proposed_LPA_Layered vs B2_GlobalAstar_Layered,replan_ms,50,47.51871199347079,19.01225397363305,0.42905886902254575,6.508167438572985e-08
B4_Proposed_LPA_Layered vs B3_LPA_SingleLayer,path_cost,50,10.770106022238254,12.177339679916704,1.1309064540095681,5.504551409811079e-18
B4_Proposed_LPA_Layered vs B1_Voxel_Dijkstra,replan_ms,49,48.13251632018661,384.0596081822046,9.122663337811439,7.203369233491115e-19
