fig4_scale,fig4_n_block,fig4_k,baseline,n,mean_ms,median_ms,p95_ms,std_ms
large,4,7,B4_Proposed_LPA_Layered,50,148.5590319056064,121.45104981027544,373.34897997789074,119.70704732138444
large,4,7,B2_GlobalAstar_Layered,50,189.29819596931338,173.3549500349909,366.3639402016997,112.62999932296889
