pair,metric,n,mean_a,mean_b,median_ratio_b_over_a,p_value
B4_Proposed_LPA_Layered vs B2_GlobalAstar_Layered,replan_ms,50,59.514197991229594,28.688339977525175,0.6097084015187397,0.0026815194877375255
B4_Proposed_LPA_Layered vs B3_LPA_SingleLayer,path_cost,50,13.223864577898397,16.118448023379248,1.2199843414164147,1.0200114228558756e-20
B4_Proposed_LPA_Layered vs B1_Voxel_Dijkstra,replan_ms,50,59.514197991229594,492.8985540010035,12.128509662454388,4.849444157774165e-17
