baseline,n_trials,n_success,success_rate,mean_replan_ms,std_replan_ms,p50_replan_ms,p95_replan_ms,ci95_replan_ms,mean_expanded,std_expanded,mean_cost,mean_energy_kj,mean_length_km
B4_Proposed_LPA_Layered,50,50,1.0,59.514197991229594,79.10395704299177,28.642449993640184,202.94469506479788,21.926498221965222,640.18,825.7394877518291,13.223864577898397,243.94163488436902,6.343844846531071
B2_GlobalAstar_Layered,50,50,1.0,28.688339977525175,18.86647986769629,26.465650065802038,59.23378994921221,5.229521413814469,2218.68,1392.885749742862,13.223864577898397,243.94163488436902,6.343844846531071
B3_LPA_SingleLayer,50,50,1.0,1.456148005090654,3.5343358761629577,0.26860006619244814,7.408539915923029,0.9796679230900842,7.62,14.289842260736636,16.118448023379248,222.6972147431484,6.435661642294452
B1_Voxel_Dijkstra,50,50,1.0,492.8985540010035,267.8634007946964,496.5823000529781,901.2144999927841,74.247946636379,59459.58,31717.972503909758,7.302280880372884,nan,7.302280880372884
