scale,k_events,n_block,b4_mean_event_ms,b2_mean_event_ms,b2_over_b4_time_ratio,b4_mean_event_expanded,b2_mean_event_expanded,b4_success_rate,b2_success_rate
large,3,2,31.344007331257068,24.29086001434674,0.7749762102091923,484.4200000000001,2496.8,1.0,1.0
large,3,4,21.63409199565649,19.577561342157427,0.9049402834234062,327.13333333333327,2007.9933333333333,1.0,1.0
large,3,6,27.911694670716926,22.34132665985574,0.8004288855772973,428.28,2300.746666666667,1.0,1.0
large,3,8,35.114298015832894,23.89646601087103,0.6805337814270475,523.4466666666666,2447.1000000000004,1.0,1.0
